{
  "project_info": {
    "project_number": "400196928992",
    "firebase_url": "https://gas-on-go-6f386-default-rtdb.firebaseio.com",
    "project_id": "gas-on-go-6f386",
    "storage_bucket": "gas-on-go-6f386.firebasestorage.app"
  },
  "client": [
    {
      "client_info": {
        "mobilesdk_app_id": "1:400196928992:android:044cd164d0c6a1b60e9785",
        "android_client_info": {
          "package_name": "com.ffsh.gasongo"
        }
      },
      "oauth_client": [],
      "api_key": [
        {
          "current_key": "AIzaSyC9ExSHOaqn541KNN0sBOckcrexZz5w5Wc"
        }
      ],
      "services": {
        "appinvite_service": {
          "other_platform_oauth_client": []
        }
      }
    }
  ],
  "configuration_version": "1"
}